{
    "mean_squared_error": 0.8528353091617157,
    "r2_score": 0.14791146770172137
}